﻿designator,quantity,value,pack,mpn,mount_type
"C1, C4",2,100nF,C_0805_2012Metric_Pad1.15x1.40mm_HandSolder,,smt
"C2, C3",2,2.2uF,C_0805_2012Metric_Pad1.15x1.40mm_HandSolder,,smt
D1,1,1N4148,D_T-1_P5.08mm_Horizontal,,tht
D2,1,LED,LED_1206_3216Metric_Pad1.42x1.75mm_HandSolder,,smt
"H1, H2, H3, H4",4,MountingHole,MountingHole_3.2mm_M3,,tht
J1,1,FTDI,FTDIconnect,,tht
J2,1,microKIM a,PinSocket_2x03_P2.54mm_Vertical,,tht
J3,1,microKIM b,PinSocket_2x04_P2.54mm_Vertical,,tht
J4,1,Memory Expansion,PinSocket_2x04_P2.54mm_Horizontal,,tht
J5,1,ICSP,ICSP_P2.00mm_Vertical,,tht
JP1,1,GND(vcc),SolderJumper-3_P1.3mm_Bridged12_RoundedPad1.0x1.5mm,,tht
JP2,1,VCC(gnd),SolderJumper-3_P1.3mm_Bridged12_RoundedPad1.0x1.5mm,,tht
"Q1, Q2",2,BC848,SOT-23,,smt
"Q3, Q4, Q5",3,BSS138,SOT-23,,smt
R1,1,220k,R_0805_2012Metric_Pad1.15x1.40mm_HandSolder,,smt
"R10, R11",2,33k,R_0805_2012Metric_Pad1.15x1.40mm_HandSolder,,smt
"R12, R13, R14, R16, R19, R20, R21, R3, R4, R5, R6, R7, R8, R9",14,10k,R_0805_2012Metric_Pad1.15x1.40mm_HandSolder,,smt
R15,1,650R,R_0805_2012Metric_Pad1.15x1.40mm_HandSolder,,smt
"R17, R18",2,4k7,R_0805_2012Metric_Pad1.15x1.40mm_HandSolder,,smt
R2,1,100k,R_0805_2012Metric_Pad1.15x1.40mm_HandSolder,,smt
SW1,1,RST,SW_SPST_CK_RS282G05A3,,smt
SW2,1,FFRWD,SW_PUSH_6mm,,tht
SW3,1,REC,SW_PUSH_6mm,,tht
SW4,1,PLAY,SW_PUSH_6mm,,tht
SW5,1,FFWRD,SW_PUSH_6mm,,tht
U1,1,TC1262-33,SOT-223,,smt
U2,1,ESP-12E,ESP-12E,,tht
U3,1,I2C_OLED,I2C_OLED_096,,tht
U4,1,ATtiny841-SS,SOIC-14_3.9x8.7mm_P1.27mm,,smt
