﻿pos_x,pos_y,rotation,side,designator,mpn,pack,value,mount_type,place
146.8,-74.3,0.0,top,C1,,C_0805_2012Metric_Pad1.15x1.40mm_HandSolder,100nF,smt,True
153.2,-62.7,-90.0,top,C2,,C_0805_2012Metric_Pad1.15x1.40mm_HandSolder,2.2uF,smt,True
156.3,-62.7,-90.0,top,C3,,C_0805_2012Metric_Pad1.15x1.40mm_HandSolder,2.2uF,smt,True
173.8,-68.6,180.0,top,C4,,C_0805_2012Metric_Pad1.15x1.40mm_HandSolder,100nF,smt,True
188.7,-55.1,180.0,top,D1,,D_T-1_P5.08mm_Horizontal,1N4148,tht,True
169.4,-93.0,180.0,top,D2,,LED_1206_3216Metric_Pad1.42x1.75mm_HandSolder,LED,smt,True
197.5,-55.5,0.0,top,H1,,MountingHole_3.2mm_M3,MountingHole,tht,False
197.5,-90.5,0.0,top,H2,,MountingHole_3.2mm_M3,MountingHole,tht,False
145.0,-55.5,0.0,top,H3,,MountingHole_3.2mm_M3,MountingHole,tht,False
145.0,-90.5,0.0,top,H4,,MountingHole_3.2mm_M3,MountingHole,tht,False
135.6,-73.8,90.0,top,J1,,FTDIconnect,FTDI,tht,True
134.62,-53.34,180.0,bottom,J2,,PinSocket_2x03_P2.54mm_Vertical,microKIM a,tht,True
134.62,-93.98,180.0,bottom,J3,,PinSocket_2x04_P2.54mm_Vertical,microKIM b,tht,True
170.815,-55.372,-90.0,top,J4,,PinSocket_2x04_P2.54mm_Horizontal,Memory Expansion,tht,True
136.9,-89.2,180.0,top,J5,,ICSP_P2.00mm_Vertical,ICSP,tht,True
171.0,-60.0,90.0,bottom,JP1,,SolderJumper-3_P1.3mm_Bridged12_RoundedPad1.0x1.5mm,GND(vcc),tht,False
174.0,-60.0,90.0,bottom,JP2,,SolderJumper-3_P1.3mm_Bridged12_RoundedPad1.0x1.5mm,VCC(gnd),tht,False
147.9,-61.6,180.0,top,Q1,,SOT-23,BC848,smt,True
147.9,-66.2,180.0,top,Q2,,SOT-23,BC848,smt,True
156.3,-77.4,-90.0,top,Q3,,SOT-23,BSS138,smt,True
162.1,-77.3,-90.0,top,Q4,,SOT-23,BSS138,smt,True
168.3,-77.2,-90.0,top,Q5,,SOT-23,BSS138,smt,True
178.2,-91.8,180.0,top,R1,,R_0805_2012Metric_Pad1.15x1.40mm_HandSolder,220k,smt,True
162.1,-100.9,-90.0,top,R10,,R_0805_2012Metric_Pad1.15x1.40mm_HandSolder,33k,smt,True
156.4,-88.4,0.0,top,R11,,R_0805_2012Metric_Pad1.15x1.40mm_HandSolder,33k,smt,True
148.0,-100.9,-90.0,top,R12,,R_0805_2012Metric_Pad1.15x1.40mm_HandSolder,10k,smt,True
188.4,-100.9,-90.0,top,R13,,R_0805_2012Metric_Pad1.15x1.40mm_HandSolder,10k,smt,True
178.2,-88.8,180.0,top,R14,,R_0805_2012Metric_Pad1.15x1.40mm_HandSolder,10k,smt,True
156.4,-84.8,180.0,top,R15,,R_0805_2012Metric_Pad1.15x1.40mm_HandSolder,650R,smt,True
142.2,-70.8,180.0,top,R16,,R_0805_2012Metric_Pad1.15x1.40mm_HandSolder,10k,smt,True
185.1,-64.5,180.0,top,R17,,R_0805_2012Metric_Pad1.15x1.40mm_HandSolder,4k7,smt,True
185.1,-61.6,180.0,top,R18,,R_0805_2012Metric_Pad1.15x1.40mm_HandSolder,4k7,smt,True
168.3,-81.0,180.0,top,R19,,R_0805_2012Metric_Pad1.15x1.40mm_HandSolder,10k,smt,True
182.6,-91.8,180.0,top,R2,,R_0805_2012Metric_Pad1.15x1.40mm_HandSolder,100k,smt,True
168.3,-73.6,180.0,top,R20,,R_0805_2012Metric_Pad1.15x1.40mm_HandSolder,10k,smt,True
142.3,-67.7,0.0,top,R21,,R_0805_2012Metric_Pad1.15x1.40mm_HandSolder,10k,smt,True
182.6,-88.8,0.0,top,R3,,R_0805_2012Metric_Pad1.15x1.40mm_HandSolder,10k,smt,True
196.3,-62.6,-90.0,top,R4,,R_0805_2012Metric_Pad1.15x1.40mm_HandSolder,10k,smt,True
192.5,-62.6,-90.0,top,R5,,R_0805_2012Metric_Pad1.15x1.40mm_HandSolder,10k,smt,True
156.2,-81.1,180.0,top,R6,,R_0805_2012Metric_Pad1.15x1.40mm_HandSolder,10k,smt,True
156.3,-73.6,180.0,top,R7,,R_0805_2012Metric_Pad1.15x1.40mm_HandSolder,10k,smt,True
162.1,-81.0,180.0,top,R8,,R_0805_2012Metric_Pad1.15x1.40mm_HandSolder,10k,smt,True
162.1,-73.6,180.0,top,R9,,R_0805_2012Metric_Pad1.15x1.40mm_HandSolder,10k,smt,True
139.6,-63.0,180.0,top,SW1,,SW_SPST_CK_RS282G05A3,RST,smt,True
158.0,-103.0,180.0,top,SW2,,SW_PUSH_6mm,FFRWD,tht,True
173.0,-103.0,180.0,top,SW3,,SW_PUSH_6mm,REC,tht,True
184.0,-103.0,180.0,top,SW4,,SW_PUSH_6mm,PLAY,tht,True
198.7,-103.0,180.0,top,SW5,,SW_PUSH_6mm,FFWRD,tht,True
154.2,-55.7,90.0,top,U1,,SOT-223,TC1262-33,smt,True
193.0,-69.5,-90.0,top,U2,,ESP-12E,ESP-12E,tht,True
175.5,-64.5,-90.0,top,U3,,I2C_OLED_096,I2C_OLED,tht,True
146.5,-80.7,0.0,top,U4,,SOIC-14_3.9x8.7mm_P1.27mm,ATtiny841-SS,smt,True
